{"src/main.cpp": 1755027885.5911586, "src/utility/meta_utils/meta_utils.cpp": 1755027944.706609, "src/utility/cpp_parsing/cpp_parsing.cpp": 1755027963.1610622, "src/utility/fs_utils/fs_utils.cpp": 1755028085.9661827, "src/utility/text_utils/text_utils.cpp": 1755028081.500072, "src/utility/logger/logger.cpp": 1755027966.407142}