{"src/main.cpp": 1755125993.6520693, "src/basic_math.cpp": 1755125836.135141, "src/utility/cpp_parsing/cpp_parsing.cpp": 1755125844.4345996, "src/utility/fs_utils/fs_utils.cpp": 1755125844.4576008, "src/utility/user_input/user_input.cpp": 1755125844.5706072, "src/utility/text_utils/text_utils.cpp": 1755125844.5476058, "src/utility/logger/logger.cpp": 1755125844.479602, "src/utility/meta_utils/meta_utils.cpp": 1755125844.5026033, "src/string_invoker/string_invoker.cpp": 1755125869.6269917, "src/string_invoker/basic_math.cpp": 1755125869.6269917}